1725699696.0838542,10,50,136.19,180.08
1725699697.75904,10,50,135.84,179.55
1725699699.273598,10,50,135.67,179.47
1725699701.032834,10,50,135.04,178.38
1725699702.543492,10,50,134.3,177.24
1725699704.269835,10,50,131.4,173.98
1725699705.702177,10,50,128.92,171.75
1725699707.433534,10,50,123.62,166.49
1725699708.855565,10,50,120.73,163.56
1725699710.609705,10,50,115.51,157.53
1725699712.033281,10,50,112.28,153.8
1725699713.7566102,10,50,106.94,146.77
1725699715.191255,10,50,104.16,143.26
1725699716.952251,10,50,99.52,136.86
1725699718.377713,10,50,97.14,133.08
1725699720.144408,10,50,92.96,127.73
1725699721.6996422,10,50,90.99,124.35
1725699723.458234,10,50,87.65,119.41
1725699726.07674,10,50,84.72,114.78
1725699727.8277829,15,50,82.27,110.72
1725699729.269771,15,50,81.31,108.98
1725699731.040121,15,50,79.66,106.28
1725699732.499464,15,50,78.94,104.27
1725699734.277177,15,50,77.66,101.84
1725699735.7526882,15,50,77.11,100.87
1725699737.500973,15,50,76.05,98.69
1725699738.9620962,15,50,75.5,97.59
1725699740.742749,15,50,74.95,96.07
1725699742.2133708,15,50,74.68,95.44
1725699743.747417,15,50,74.3,94.96
1725699745.444213,15,50,73.95,93.13
1725699747.1103601,15,50,73.82,93.13
1725699748.8491058,15,50,73.58,91.68
1725699750.296112,15,50,73.54,91.23
1725699752.054355,15,50,73.44,90.92
1725699753.49824,15,50,73.44,90.16
1725699756.290123,15,50,73.61,89.78
1725699757.753057,20,50,73.68,89.54
1725699759.539086,20,50,73.89,89.2
1725699761.003493,20,50,73.95,88.92
1725699762.771938,20,50,74.2,88.54
1725699764.2250829,20,50,74.2,88.75
1725699765.9996748,20,50,74.44,88.37
1725699767.467223,20,50,74.54,88.44
1725699768.986725,20,50,74.71,88.75
1725699770.788098,20,50,75.09,88.68
1725699772.265733,20,50,75.29,88.68
1725699774.063048,20,50,75.67,88.96
1725699775.5253491,20,50,75.74,89.06
1725699777.300236,20,50,76.19,89.02
1725699778.79099,20,50,76.43,88.96
1725699780.598448,20,50,76.84,89.2
1725699782.077109,20,50,77.01,89.16
1725699783.871265,20,50,77.42,89.2
1725699786.4836469,20,50,77.84,89.58
1725699788.257136,25,50,78.25,89.92
1725699789.7113001,25,50,78.42,89.89
1725699791.475731,25,50,78.87,90.37
1725699793.161313,25,50,78.94,90.47
1725699794.9339788,25,50,79.45,90.78
1725699796.393265,25,50,79.69,90.89
1725699798.1739452,25,50,80.04,91.06
1725699799.641414,25,50,80.24,91.37
1725699801.41918,25,50,80.76,91.34
1725699802.879457,25,50,80.79,91.44
1725699804.642837,25,50,81.21,92.06
1725699806.081606,25,50,81.38,91.92
1725699807.8388119,25,50,81.69,92.47
1725699809.272506,25,50,82.0,92.37
1725699811.034889,25,50,82.38,92.68
1725699812.477749,25,50,82.55,92.61
1725699814.234067,25,50,82.93,93.1
1725699816.830966,25,50,83.3,93.13
1725699818.596299,30,50,83.75,93.48
1725699820.042364,30,50,84.06,93.65
1725699821.7953432,30,50,84.37,93.86
1725699823.235266,30,50,84.54,94.03
1725699824.973054,30,50,84.92,94.48
1725699826.412135,30,50,85.2,94.75
1725699828.1546812,30,50,85.47,94.86
1725699829.798284,30,50,85.58,94.62
1725699831.5297039,30,50,85.96,94.93
1725699833.145445,30,50,86.09,95.34
1725699834.8838038,30,50,86.51,95.69
1725699836.506829,30,50,86.61,95.55
1725699838.228173,30,50,86.99,96.07
1725699839.8633192,30,50,87.16,96.1
1725699841.591739,30,50,87.51,96.34
1725699843.0767622,30,50,87.75,96.62
1725699844.8496761,30,50,88.06,96.9
1725699869.129905,10,50,90.23,100.32
1725699870.592184,10,50,90.4,100.39
1725699872.3607621,10,50,90.75,100.6
1725699873.8199072,10,50,90.89,100.42
1725699875.576541,10,50,91.23,100.8
1725699877.017281,10,50,91.37,100.98
1725699878.777026,10,50,91.65,101.01
1725699880.248827,10,50,91.82,100.98
1725699881.758806,10,50,91.99,101.08
1725699883.420369,10,50,92.34,101.15
1725699884.878596,10,50,92.44,101.57
1725699886.3971379,10,50,92.61,101.39
1725699888.1944141,10,50,92.89,101.5
1725699889.6598358,10,50,93.1,101.77
1725699891.4302871,10,50,93.3,101.57
1725699892.893313,10,50,93.54,101.98
1725699894.66222,10,50,93.89,102.15
1725699896.121591,10,50,93.99,102.12
1725699897.872504,10,50,94.34,102.33
1725699900.4444091,5,50,94.65,102.57
1725699902.189131,5,50,94.82,102.53
1725699903.644453,5,50,95.0,102.74
1725699905.41986,5,50,95.17,102.78
1725699906.873446,5,50,95.31,102.92
1725699908.627954,5,50,95.48,103.16
1725699910.0777311,5,50,95.58,103.19
1725699911.84036,5,50,95.79,103.37
1725699913.272178,5,50,95.89,103.54
1725699915.0097039,5,50,96.1,103.44
1725699916.648224,5,50,96.24,103.37
1725699918.385013,5,50,96.48,104.06
1725699919.824718,5,50,96.58,103.5
1725699921.5681741,5,50,96.83,104.2
1725699922.99864,5,50,96.9,103.89
1725699924.728828,5,50,97.1,104.86
1725699926.155592,5,50,97.1,104.41
1725699927.7150998,5,50,97.21,104.61
1725699930.452211,5,50,97.45,104.68
1725699931.8839319,10,50,97.45,104.79
1725699933.644237,10,50,97.69,104.89
1725699935.086189,10,50,97.76,104.86
1725699936.835178,10,50,97.9,104.82
1725699938.2514172,10,50,98.0,104.89
1725699939.9799948,10,50,98.07,105.2
1725699941.452306,10,50,98.14,105.13
1725699942.979954,10,50,98.28,105.17
1725699944.652361,10,50,98.52,105.38
1725699946.124226,10,50,98.62,105.38
1725699947.914915,10,50,98.8,105.72
1725699949.382686,10,50,98.87,105.69
1725699950.9064362,10,50,98.87,105.51
1725699952.5879738,10,50,99.04,105.93
1725699954.0441432,10,50,99.14,105.9
1725699955.816821,10,50,99.25,105.65
1725699957.26879,10,50,99.28,105.96
1725699960.075819,10,50,99.52,105.96
1725699961.509342,10,50,99.56,106.07
1725699963.268266,15,50,99.66,106.45
1725699964.739102,15,50,99.77,106.35
1725699966.532693,15,50,99.9,106.62
1725699967.986222,15,50,99.94,107.0
1725699969.756578,15,50,100.11,106.66
1725699971.211234,15,50,100.28,106.83
1725699972.982709,15,50,100.42,106.66
1725699974.548884,15,50,100.49,106.94
1725699976.3219268,15,50,100.63,107.07
1725699977.790776,15,50,100.73,106.69
1725699979.564289,15,50,100.7,106.8
1725699981.018477,15,50,100.73,107.18
1725699982.773443,15,50,100.77,107.07
1725699984.227788,15,50,100.94,107.25
1725699986.000386,15,50,100.87,107.46
1725699987.6808069,15,50,101.05,107.46
1725699990.4732952,15,50,101.12,107.59
1725699991.92345,15,50,101.18,107.94
1725699993.682668,20,50,101.32,107.52
1725699995.15948,20,50,101.39,107.77
1725699996.953474,20,50,101.5,107.77
1725699998.411647,20,50,101.53,107.8
1725700000.1924129,20,50,101.6,108.04
1725700001.6601448,20,50,101.63,108.04
1725700003.431456,20,50,101.81,108.25
1725700004.900555,20,50,101.81,107.94
1725700006.686516,20,50,102.05,108.15
1725700008.157512,20,50,102.02,108.5
1725700009.944406,20,50,102.15,108.29
1725700011.42447,20,50,102.22,108.53
1725700013.2199051,20,50,102.33,108.53
1725700014.6796422,20,50,102.33,108.74
1725700016.452168,20,50,102.33,108.18
1725700038.053167,10,50,103.44,109.33
1725700039.489912,10,50,103.44,109.22
1725700041.2294998,10,50,103.44,109.22
1725700042.657174,10,50,103.44,109.43
1725700044.408332,10,50,103.4,109.64
1725700045.938854,10,50,103.44,109.36
1725700047.6723042,10,50,103.57,109.36
1725700049.0865338,10,50,103.57,109.36
1725700050.806725,10,50,103.68,109.36
1725700052.2179682,10,50,103.68,109.33
1725700053.954156,10,50,103.78,109.43
1725700055.3747,10,50,103.82,109.71
1725700057.116284,10,50,103.85,109.71
1725700058.548306,10,50,103.85,109.57
1725700060.2888708,10,50,103.92,109.54
1725700061.739207,10,50,103.95,109.71
1725700063.500649,10,50,104.06,109.57
1725700064.936231,10,50,104.16,109.74
1725700066.693162,10,50,104.23,110.09
1725700069.257493,5,50,104.27,109.81
1725700070.9953432,5,50,104.34,109.88
1725700072.536532,5,50,104.41,109.81
1725700074.2701619,5,50,104.47,110.16
1725700075.6957052,5,50,104.47,110.33
1725700077.4364622,5,50,104.61,110.06
1725700078.867133,5,50,104.65,110.16
1725700080.609014,5,50,104.72,110.44
1725700082.2509608,5,50,104.72,110.09
1725700083.9931772,5,50,104.79,110.37
1725700085.523136,5,50,104.79,110.3
1725700087.253925,5,50,104.75,110.09
1725700088.7822258,5,50,104.75,110.54
1725700090.51658,5,50,104.86,110.3
1725700092.170275,5,50,104.92,110.44
1725700093.909209,5,50,104.96,110.09
1725700095.560748,5,50,104.96,110.47
1725700098.339246,5,50,104.96,110.44
1725700099.8019662,10,50,104.92,110.54
1725700101.5732448,10,50,104.99,110.51
1725700103.0325382,10,50,105.06,110.65
1725700104.8037472,10,50,105.06,110.61
1725700106.259844,10,50,105.17,110.68
1725700108.022354,10,50,105.2,110.75
1725700109.470618,10,50,105.17,110.54
1725700111.227774,10,50,105.2,110.65
1725700112.667611,10,50,105.17,110.44
1725700114.4254909,10,50,105.24,110.68
1725700115.869437,10,50,105.24,110.89
1725700117.634252,10,50,105.38,110.96
1725700119.080815,10,50,105.31,111.03
1725700120.844584,10,50,105.41,110.75
1725700122.2936819,10,50,105.41,110.89
1725700124.049839,10,50,105.41,110.82
1725700125.4999292,10,50,105.51,110.65
1725700128.3026319,10,50,105.58,110.96
1725700129.750669,10,50,105.58,111.03
1725700131.512442,15,50,105.65,110.99
1725700132.949664,15,50,105.58,110.72
1725700134.7118511,15,50,105.58,111.41
1725700136.150943,15,50,105.58,110.89
1725700137.905828,15,50,105.65,110.99
1725700139.33668,15,50,105.58,110.96
1725700141.083732,15,50,105.65,111.13
1725700143.649916,15,50,105.69,110.96
1725700145.4051049,15,50,105.69,110.92
1725700146.848972,15,50,105.69,111.06
1725700148.600085,15,50,105.72,111.24
1725700150.042092,15,50,105.83,111.17
1725700151.79381,15,50,105.86,111.06
1725700153.234899,15,50,105.86,110.72
1725700154.974782,15,50,105.86,111.13
1725700156.511735,15,50,105.79,111.24
1725700158.2506418,15,50,105.9,111.2
1725700159.782658,15,50,105.93,111.34
1725700161.517301,20,50,106.0,111.24
1725700162.940796,20,50,105.96,111.2
1725700164.6693592,20,50,106.0,111.31
1725700166.2064471,20,50,106.0,111.03
1725700167.938028,20,50,106.03,111.2
1725700169.581643,20,50,106.07,111.34
1725700171.317463,20,50,106.14,111.31
1725700173.881147,20,50,106.1,111.27
1725700175.6122,20,50,106.21,111.13
1725700177.039711,20,50,106.28,111.27
1725700178.774652,20,50,106.28,111.45
1725700180.201545,20,50,106.24,111.55
1725700181.945917,20,50,106.28,111.17
1725700183.378455,20,50,106.24,111.38
1725700185.124486,20,50,106.28,111.24
1725700186.783204,20,50,106.28,111.48
1725700188.5242162,20,50,106.38,111.45
1725700189.952804,20,50,106.35,111.45
1725700191.699532,25,50,106.42,111.62
1725700193.131412,25,50,106.38,111.58
1725700194.876957,25,50,106.42,111.72
1725700196.527879,25,50,106.42,111.48
1725700198.27719,25,50,106.48,111.69
1725700199.939297,25,50,106.45,111.72
1725700201.713886,25,50,106.59,111.38
1725700203.17632,25,50,106.62,111.55
1725700204.958053,25,50,106.66,111.93
1725700206.4152908,25,50,106.69,111.83
1725700208.1960828,25,50,106.69,111.83
1725700209.6568599,25,50,106.76,111.79
1725700211.437112,25,50,106.76,111.79
1725700212.900552,25,50,106.76,111.58
1725700214.6721358,25,50,106.8,111.65
1725700216.2266061,25,50,106.83,111.69
1725700219.008323,25,50,106.83,111.76
1725700220.452826,25,50,106.87,111.83
1725700222.210778,30,50,106.87,111.93
1725700223.651338,30,50,106.87,111.97
1725700225.399946,30,50,106.9,111.86
1725700226.856061,30,50,107.04,112.0
1725700228.63454,30,50,107.04,111.9
1725700230.0991411,30,50,106.94,112.24
1725700231.875856,30,50,106.97,112.04
1725700233.3348758,30,50,107.11,112.04
1725700235.11289,30,50,107.07,112.11
1725700236.556714,30,50,107.14,112.31
1725700238.321267,30,50,107.18,112.52
1725700239.770241,30,50,107.21,112.49
1725700241.521399,30,50,107.32,112.42
1725700242.962219,30,50,107.32,112.17
1725700244.724544,30,50,107.42,112.42
1725700246.174655,30,50,107.39,112.42
1725700248.950839,30,50,107.49,112.49
1725700250.400778,30,50,107.49,112.66
1725700252.14175,30,50,107.49,112.56
1725700253.778122,35,50,107.49,112.59
1725700255.520236,35,50,107.63,112.77
1725700257.1789272,35,50,107.56,112.73
1725700258.925975,35,50,107.77,112.7
1725700260.476353,35,50,107.8,112.97
1725700262.231509,35,50,107.94,112.73
1725700263.66732,35,50,107.98,112.87
1725700265.403998,35,50,108.04,113.36
1725700267.056982,35,50,108.04,113.29
1725700268.811123,35,50,108.15,113.08
1725700270.2559528,35,50,108.15,113.32
1725700272.007009,35,50,108.36,113.49
1725700273.438595,35,50,108.32,113.46
1725700275.1804302,35,50,108.39,113.53
1725700276.6428359,35,50,108.43,113.77
1725700279.455892,35,50,108.57,114.02
1725700280.911029,35,50,108.57,113.81
1725700282.595349,35,50,108.57,113.6
1725700284.117289,40,50,108.7,114.05
1725700285.88381,40,50,108.81,114.09
1725700287.331755,40,50,108.81,114.02
1725700289.081919,40,50,108.84,114.29
1725700290.509386,40,50,108.95,114.26
1725700293.261086,40,50,109.09,114.43
1725700294.6904871,40,50,109.19,114.47
1725700296.425335,40,50,109.29,114.33
1725700297.8556328,40,50,109.47,114.57
1725700299.594707,40,50,109.5,114.71
1725700301.23408,40,50,109.54,114.71
1725700302.964716,40,50,109.64,114.82
1725700304.610355,40,50,109.71,114.78
1725700306.360907,40,50,109.81,114.92
1725700307.789946,40,50,109.78,115.06
1725700309.525785,40,50,109.85,115.34
1725700310.956473,40,50,109.92,115.37
1725700312.7074308,40,50,110.06,115.41
1725700314.140091,45,50,110.06,115.34
1725700315.870692,45,50,110.3,115.41
1725700317.523585,45,50,110.4,115.55
1725700319.2601988,45,50,110.51,115.58
1725700320.8906398,45,50,110.54,115.79
1725700322.608897,45,50,110.72,116.0
1725700324.243215,45,50,110.82,116.07
1725700325.9646761,45,50,111.03,116.21
1725700327.593842,45,50,111.1,116.1
1725700329.311529,45,50,111.24,116.52
1725700330.943486,45,50,111.31,116.66
1725700332.663819,45,50,111.41,116.69
1725700334.2808719,45,50,111.55,116.97
1725700336.034018,45,50,111.62,116.97
1725700351.135464,10,50,112.66,118.29
1725700352.664154,10,50,112.77,118.12
1725700354.3917382,10,50,112.8,118.33
1725700355.914434,10,50,112.87,118.43
1725700357.6368692,10,50,112.97,118.43
1725700359.266916,10,50,113.04,118.5
1725700361.010289,10,50,113.22,118.71
1725700362.448756,10,50,113.15,118.54
1725700364.2009711,10,50,113.29,118.36
1725700365.6366148,10,50,113.32,118.75
1725700367.379342,10,50,113.43,118.47
1725700368.806078,10,50,113.43,118.78
1725700370.5356631,10,50,113.56,118.71
1725700371.963124,10,50,113.56,118.81
1725700373.690264,10,50,113.63,119.09
1725700375.120018,10,50,113.77,119.09
1725700376.8535419,10,50,113.88,118.99
1725700378.3683221,10,50,113.98,119.09
1725700380.093029,10,50,114.09,119.27
1725700382.744138,5,50,114.19,119.23
1725700384.5003772,5,50,114.26,119.37
1725700386.0518222,5,50,114.29,119.58
1725700387.8048892,5,50,114.43,119.62
1725700389.2629042,5,50,114.5,119.58
1725700391.0194712,5,50,114.57,119.68
1725700392.464355,5,50,114.64,119.72
1725700394.219531,5,50,114.71,119.62
1725700395.683902,5,50,114.75,119.93
1725700397.439096,5,50,114.78,119.82
1725700398.886042,5,50,114.75,119.96
1725700400.64475,5,50,114.71,119.96
1725700402.088259,5,50,114.78,119.89
1725700403.846422,5,50,114.71,120.1
1725700405.280051,5,50,114.88,120.0
1725700407.0293272,5,50,114.95,120.38
1725700408.4650948,5,50,115.06,120.17
1725700410.222199,5,50,115.09,120.03
1725700412.823298,0,50,115.2,120.21
1725700414.605087,0,50,115.23,120.35
1725700416.067352,0,50,115.2,120.35
1725700417.849161,0,50,115.34,120.38
1725700419.31341,0,50,115.41,120.24
1725700422.1266649,0,50,115.51,120.59
1725700423.582808,0,50,115.58,120.35
1725700426.1193018,0,50,115.61,120.14
1725700427.885878,0,50,115.72,120.55
1725700429.334827,0,50,115.68,120.03
1725700431.099261,0,50,115.75,120.49
1725700432.545184,0,50,115.72,120.49
1725700434.304554,0,50,115.82,120.59
1725700435.7493792,0,50,115.96,120.42
1725700437.501533,0,50,115.93,120.66
1725700438.9465191,0,50,115.89,120.52
1725700441.732898,0,50,115.93,120.42
1725700443.1818519,5,50,115.96,120.49
1725700444.9381309,5,50,115.96,120.49
1725700446.3779562,5,50,115.96,120.28
1725700448.12864,5,50,116.03,120.66
1725700449.5667992,5,50,116.03,120.49
1725700451.3291929,5,50,116.07,120.83
1725700452.76485,5,50,116.07,120.55
1725700454.511876,5,50,116.03,120.55
1725700457.086238,5,50,116.1,120.66
1725700458.83742,5,50,116.1,120.45
1725700460.2761579,5,50,116.14,120.49
1725700462.039246,5,50,116.14,120.24
1725700463.486562,5,50,116.14,120.17
1725700465.240766,5,50,116.14,120.52
1725700466.68766,5,50,116.1,120.38
1725700468.446081,5,50,116.1,120.31
1725700469.8825312,5,50,116.17,120.35
1725700471.638877,5,50,116.07,120.21
1725700473.0869088,5,50,116.1,120.45
1725700474.843749,10,50,116.14,120.73
1725700476.283061,10,50,116.14,120.69
1725700478.044461,10,50,116.14,120.55
1725700479.492416,10,50,116.0,120.35
1725700481.24646,10,50,116.03,120.49
1725700482.6853719,10,50,116.1,120.49
1725700484.444287,10,50,116.14,120.24
1725700487.0354502,10,50,116.0,120.69
1725700488.796903,10,50,116.03,120.35
1725700490.235164,10,50,116.03,120.35
1725700492.001962,10,50,116.0,120.31
1725700493.460145,10,50,115.96,120.55
1725700495.236484,10,50,116.03,120.42
1725700496.6951702,10,50,116.03,120.49
1725700498.468846,10,50,115.93,120.66
1725700499.935217,10,50,116.0,120.55
1725700502.744224,10,50,115.82,120.14
1725700504.207484,10,50,115.79,120.31
1725700505.9821901,15,50,115.79,119.96
1725700507.435353,15,50,115.72,120.35
1725700509.1997702,15,50,115.68,120.24
1725700510.6619039,15,50,115.65,120.49
1725700512.428548,15,50,115.65,120.21
1725700513.87039,15,50,115.72,120.24
1725700515.651194,15,50,115.72,120.45
1725700517.101232,15,50,115.72,119.96
1725700518.871906,15,50,115.75,120.28
1725700520.331939,15,50,115.75,120.14
1725700522.092201,15,50,115.86,120.45
1725700523.533195,15,50,115.86,119.89
1725700525.290466,15,50,115.89,120.28
1725700526.830635,15,50,115.86,120.0
1725700528.5818639,15,50,115.79,119.93
1725700531.1530838,15,50,115.86,120.1
1725700532.897053,15,50,115.72,120.24
1725700534.3325171,15,50,115.75,120.21
1725700536.07937,20,50,115.75,119.96
1725700537.73969,20,50,115.68,120.62
1725700539.483629,20,50,115.72,120.0
1725700540.918331,20,50,115.72,120.21
1725700542.6643572,20,50,115.72,120.1
1725700544.093879,20,50,115.72,120.03
1725700546.856726,20,50,115.61,120.17
1725700548.505427,20,50,115.65,120.21
1725700550.259671,20,50,115.65,119.65
1725700551.705492,20,50,115.72,120.21
1725700553.4678998,20,50,115.72,120.17
1725700555.1268559,20,50,115.79,119.72
1725700556.8708339,20,50,115.75,120.17
1725700558.312675,20,50,115.72,119.65
1725700560.056629,20,50,115.72,119.93
1725700562.6299899,20,50,115.61,119.68
1725700564.384167,20,50,115.58,120.17
1725700565.810685,25,50,115.65,119.68
1725700567.556641,25,50,115.72,119.72
1725700569.22998,25,50,115.65,119.72
1725700570.990269,25,50,115.72,119.79
1725700572.43308,25,50,115.72,119.89
1725700574.19939,25,50,115.65,119.96
1725700575.642472,25,50,115.58,119.93
1725700577.3981252,25,50,115.68,120.14
1725700578.84051,25,50,115.72,119.86
1725700580.597831,25,50,115.68,120.07
1725700582.037611,25,50,115.75,120.21
1725700583.788707,25,50,115.68,120.24
1725700585.238901,25,50,115.72,120.03
1725700586.976477,25,50,115.79,119.82
1725700588.410205,25,50,115.86,119.82
1725700590.169481,25,50,115.82,119.93
1725700592.742919,25,50,115.82,120.17
1725700594.4999921,25,50,115.72,120.03
1725700595.942016,30,50,115.79,120.14
1725700597.7023559,30,50,115.75,120.0
1725700599.152353,30,50,115.75,120.24
1725700600.903424,30,50,115.82,120.14
1725700602.332984,30,50,115.82,119.96
1725700604.07695,30,50,115.82,120.1
1725700606.650218,30,50,115.79,119.93
1725700608.406603,30,50,115.79,120.0
1725700610.065641,30,50,115.82,120.14
1725700611.8156958,30,50,115.82,120.14
1725700613.2489972,30,50,115.86,120.0
1725700614.989129,30,50,115.89,120.24
1725700616.413585,30,50,115.89,120.24
1725700618.166307,30,50,116.07,120.49
1725700619.627962,30,50,115.93,120.45
1725700621.395572,30,50,115.96,120.55
1725700622.846456,30,50,116.0,120.42
1725700624.616396,30,50,116.07,120.59
1725700626.078515,35,50,116.1,120.52
1725700627.855192,35,50,116.1,120.76
1725700629.311323,35,50,116.17,120.76
1725700631.070694,35,50,116.14,120.55
1725700632.505297,35,50,116.21,120.55
1725700634.2564092,35,50,116.24,120.66
1725700635.7013571,35,50,116.31,120.94
1725700637.454498,35,50,116.38,120.73
1725700638.905206,35,50,116.45,120.69
1725700640.666086,35,50,116.48,120.83
1725700642.1109812,35,50,116.55,121.01
1725700643.8700778,35,50,116.55,120.8
1725700645.333577,35,50,116.59,120.83
1725700647.102932,35,50,116.55,121.11
1725700648.5570738,35,50,116.66,121.25
1725700650.316473,35,50,116.69,121.04
1725700651.7562659,35,50,116.62,121.32
1725700653.512442,35,50,116.66,121.53
1725700654.958467,35,50,116.76,121.32
1725700656.7218182,40,50,116.8,121.56
1725700658.164663,40,50,116.83,121.11
1725700659.933237,40,50,116.8,121.22
1725700661.375034,40,50,116.9,121.39
1725700663.1159081,40,50,116.9,121.74
1725700664.5464718,40,50,116.97,121.74
1725700666.290391,40,50,117.04,121.63
1725700667.720992,40,50,117.21,121.81
1725700669.469001,40,50,117.28,121.81
1725700670.891457,40,50,117.28,122.12
1725700672.626088,40,50,117.35,122.3
1725700674.253333,40,50,117.49,122.23
1725700675.9694562,40,50,117.53,122.3
1725700677.614249,40,50,117.53,122.78
1725700679.357175,40,50,117.67,122.57
1725700681.015785,40,50,117.7,122.75
1725700682.762145,40,50,117.77,122.75
1725700684.41381,40,50,117.88,122.82
1725700686.148581,40,50,118.01,122.82
1725700687.7959769,45,50,118.01,122.82
1725700689.5269382,45,50,118.19,123.1
1725700691.1674361,45,50,118.19,123.06
1725700692.888792,45,50,118.36,123.41
1725700694.517035,45,50,118.43,123.24
1725700696.2353358,45,50,118.64,123.17
1725700697.874793,45,50,118.64,123.38
1725700699.5993001,45,50,118.81,123.97
1725700701.2245178,45,50,118.88,123.55
1725700702.934289,45,50,118.88,124.0
1725700704.5832949,45,50,118.99,124.04
1725700706.3477252,45,50,119.09,123.83
1725700707.81108,45,50,119.09,123.86
1725700709.5663738,45,50,119.23,124.39
1725700712.154028,45,50,119.23,124.25
1725700713.945214,45,50,119.44,124.67
1725700715.420759,45,50,119.58,124.49
1725700717.207695,45,50,119.79,124.67
1725700718.67206,50,50,119.82,124.81
1725700720.444726,50,50,120.0,124.91
1725700721.891348,50,50,120.03,125.05
1725700723.6468108,50,50,120.24,125.47
1725700725.098984,50,50,120.17,125.19
1725700726.878708,50,50,120.24,125.4
1725700728.3195379,50,50,120.35,125.71
1725700730.070245,50,50,120.52,125.82
1725700731.500177,50,50,120.66,126.1
1725700733.260819,50,50,120.83,126.03
1725700734.695616,50,50,120.83,125.96
1725700736.45554,50,50,121.15,126.37
1725700737.905535,50,50,121.18,126.13
1725700739.678314,50,50,121.43,126.62
1725700741.130409,50,50,121.46,126.48
1725700742.8987992,50,50,121.74,126.83
1725700744.354814,50,50,121.81,126.9
1725700746.119333,50,50,122.05,127.07
1725700747.5567548,50,50,121.98,127.67
1725700749.304537,55,50,122.16,127.35
1725700765.685411,55,50,122.92,129.1
1725700767.29773,55,50,122.64,129.1
1725700768.8611279,55,50,122.51,129.27
1725700770.5767198,55,50,122.16,129.24
1725700772.1987689,55,50,121.95,129.41
1725700773.902074,55,50,121.6,129.52
1725700775.508445,55,50,121.39,129.62
1725700777.029088,55,50,121.15,129.9
1725700777.22709,55,50,120.73,130.04
1725700778.834649,55,50,120.52,130.21
1725700780.361857,60,50,120.35,130.28
1725700782.028901,60,50,119.93,130.63
1725700783.616835,60,50,119.75,130.88
1725700785.119911,60,50,119.55,130.88
1725700786.774862,60,50,119.16,131.16
1725700788.250211,60,50,119.02,131.4
1725700789.7873018,60,50,118.85,131.58
1725700791.466679,60,50,118.5,132.03
1725700792.988512,60,50,118.36,132.06
1725700794.716034,60,50,118.08,132.45
1725700796.22958,60,50,117.94,132.69
1725700797.933555,60,50,117.7,133.01
1725700866.744412,60,50,112.21,136.92
1725700868.337812,65,50,112.07,137.06
1725700873.004288,65,50,112.04,137.17
1725700883.7469308,10,50,112.28,137.73
1725700885.3458261,10,50,112.66,137.41
1725700886.994588,10,50,113.77,136.71
1725700888.6740391,10,50,114.33,136.23
1725700890.3800461,10,50,115.68,136.26
1725700892.09071,10,50,116.31,135.67
1725700893.75635,10,50,117.74,135.77
1725700895.442048,10,50,118.33,135.42
1725700897.133614,10,50,119.44,135.7
1725700898.844592,10,50,119.72,135.21
1725700900.533432,10,50,120.8,135.49
1725700902.197526,10,50,121.22,135.46
1725700903.8748538,10,50,121.98,135.39
1725700905.564555,10,50,122.23,135.35
1725700907.257292,10,50,123.1,135.39
1725700908.947829,10,50,123.48,135.74
1725700910.6427362,10,50,124.04,135.46
1725700912.3395789,10,50,124.21,135.67
1725700915.047004,5,50,125.08,135.95
1725700916.7521138,5,50,125.22,136.16
1725700918.47753,5,50,125.61,135.88
1725700920.203924,5,50,125.82,135.98
1725700921.930586,5,50,126.34,136.12
1725700923.654082,5,50,126.37,136.26
1725700925.364355,5,50,126.83,136.3
1725700926.996564,5,50,126.93,136.05
1725700928.668789,5,50,127.25,136.44
1725700930.384098,5,50,127.35,136.58
1725700932.1003299,5,50,127.56,136.26
1725700933.825789,5,50,127.63,136.47
1725700935.556552,5,50,127.8,136.64
1725700937.2881322,5,50,127.98,136.71
1725700939.017638,5,50,128.36,136.68
1725700940.746325,5,50,128.5,136.82
1725700942.472775,5,50,128.71,137.03
1725700945.2183092,0,50,128.75,136.79
1725700946.9294589,0,50,128.92,136.82
1725700948.638617,0,50,128.99,136.79
1725700950.229862,0,50,129.17,136.79
1725700951.930906,0,50,129.24,137.17
1725700954.659712,0,50,129.45,136.99
1725700956.361964,0,50,129.45,137.27
1725700959.0904698,0,50,129.9,137.27
1725700960.788756,0,50,129.97,137.24
1725700962.4927092,0,50,130.14,137.34
1725700964.1936388,0,50,130.14,137.38
1725700965.892517,0,50,130.25,137.34
1725700967.591538,0,50,130.32,137.24
1725700969.289415,0,50,130.46,137.31
1725700970.9913101,0,50,130.6,137.34
1725700972.688888,0,50,130.56,137.48
1725702114.437769,10,50,164.62,215.67
1725702116.040108,10,50,164.19,215.17
1725702117.565117,10,50,163.38,214.09
1725702119.255852,10,50,158.02,209.4
1725702120.88197,10,50,155.14,207.07
1725702122.560364,10,50,148.91,201.03
1725702124.0707898,10,50,145.65,197.68
1725702125.792238,10,50,139.94,191.3
1725702127.193027,10,50,136.54,187.43
1725702128.926778,10,50,130.95,180.47
1725702130.349167,10,50,128.26,176.43
1725702132.086318,10,50,123.72,169.63
1725702133.7282171,10,50,121.63,166.42
1725702135.4565709,10,50,117.14,159.4
1725702137.00528,10,50,115.34,156.33
1725702138.5635252,10,50,113.56,153.59
1725702140.288598,10,50,110.47,147.83
1725702141.697967,10,50,109.29,145.61
1725702143.442444,10,50,107.39,142.0
1725702146.007325,5,50,105.86,138.43
1725702147.6373172,5,50,104.79,137.13
1725702149.311858,5,50,104.34,133.95
1725702151.004791,5,50,103.44,132.94
1725702152.703841,5,50,103.02,130.84
1725702154.4225512,5,50,102.47,129.97
1725702156.136294,5,50,102.26,128.29
1725702157.805464,5,50,102.08,127.7
1725702159.488883,5,50,102.08,126.41
1725702161.194585,5,50,102.02,125.82
1725702162.887717,5,50,101.98,124.84
1725702164.598271,5,50,101.98,124.49
1725702166.327619,5,50,102.12,123.76
1725702168.0305018,5,50,102.26,123.59
1725702169.7526789,5,50,102.29,122.99
1725702171.479341,5,50,102.71,122.75
1725702173.225603,5,50,102.85,122.44
1725702175.955775,5,50,103.37,122.26
1725702177.638697,0,50,103.54,122.02
1725702179.321005,0,50,104.02,122.02
1725702181.003992,0,50,104.3,121.98
1725702182.695743,0,50,104.72,121.98
1725702185.425805,0,50,105.03,122.02
1725702187.116297,0,50,105.69,121.95
1725702189.804565,0,50,106.1,122.12
1725702191.484024,0,50,106.48,122.16
1725702193.159355,0,50,106.8,122.26
1725702194.8302898,0,50,107.21,122.33
1725702196.506878,0,50,107.42,122.51
1725702198.1873128,0,50,107.84,122.54
1725702199.874959,0,50,108.11,122.75
1725702201.565613,0,50,108.29,122.82
1725702203.259403,0,50,108.53,123.06
1725702205.996586,0,50,109.26,123.17
1725702207.695515,5,50,109.4,123.34
1725702209.390295,5,50,5.0,109.81
1725702211.076852,5,50,109.95,123.69
1725702212.749119,5,50,110.37,123.79
1725702214.423477,5,50,110.61,123.93
1725702216.1048331,5,50,111.03,124.07
1725702217.79149,5,50,111.34,124.35
1725702220.472401,5,50,111.97,124.42
1725702222.128238,5,50,112.17,124.74
1725702223.82917,5,50,112.7,124.84
1725702225.5505621,5,50,112.87,125.08
1725702227.263642,5,50,113.22,125.15
1725702228.909512,5,50,113.49,125.33
1725702230.65947,5,50,113.81,125.5
1725702232.4003358,5,50,114.02,125.78
1725702234.138192,5,50,114.43,125.71
1725702235.7878242,5,50,114.64,125.82
1725702237.46166,5,50,114.95,125.89
1725702239.197087,10,50,115.2,126.27
1725702240.928294,10,50,115.44,126.65
1725702242.649882,10,50,115.61,126.72
1725702244.365917,10,50,115.93,126.86
1725702246.08948,10,50,116.07,126.97
1725702247.799973,10,50,116.45,127.39
1725702250.555501,10,50,116.69,127.35
1725702252.153238,10,50,116.94,127.35
1725702253.818214,10,50,117.11,127.63
1725702255.5122812,10,50,117.39,128.01
1725702257.234106,10,50,117.42,128.01
1725702258.944212,10,50,117.74,127.84
1725702260.642103,10,50,117.84,128.22
1725702262.354979,10,50,118.15,128.15
1725702264.91008,10,50,118.43,128.22
1725702266.562779,10,50,118.5,128.85
1725702268.2513762,10,50,118.78,128.78
1725702269.954357,15,50,118.88,128.89
1725702271.6459599,15,50,119.13,129.03
1725702273.338742,15,50,119.34,129.31
1725702275.0319428,15,50,119.58,129.1
1725702276.7401311,15,50,119.72,129.62
1725702278.4428952,15,50,120.0,129.58
1725702280.1351411,15,50,120.14,129.79
1725702281.825304,15,50,120.31,129.9
1725702283.508608,15,50,120.31,129.93
1725702285.192914,15,50,120.66,130.04
1725702286.893454,15,50,120.8,130.18
1725702288.604195,15,50,120.97,130.14
1725702290.319031,15,50,121.01,130.25
1725702292.036952,15,50,121.15,130.21
1725702294.766007,15,50,121.32,130.74
1725702296.46886,15,50,121.56,130.81
1725702298.170082,15,50,121.63,130.77
1725702299.8592372,15,50,121.84,130.6
1725702301.540172,20,50,121.88,131.37
1725702303.2184708,20,50,122.16,131.19
1725702304.8795562,20,50,122.23,131.23
1725702306.551771,20,50,122.33,131.16
1725702308.244687,20,50,122.54,131.51
1725702310.9670012,20,50,122.82,131.61
1725702312.6560209,20,50,122.92,131.82
1725702314.337503,20,50,123.1,131.99
1725702316.009739,20,50,123.2,131.89
1725702317.687288,20,50,123.38,132.06
1725702319.366506,20,50,123.41,132.13
1725702321.032685,20,50,123.55,132.34
1725702322.70685,20,50,123.66,132.31
1725702325.235244,20,50,123.72,132.76
1725702326.8808289,20,50,123.9,132.24
1725702328.456795,20,50,124.04,132.52
1725702330.099391,20,50,124.14,132.76
1725702331.7814841,25,50,124.14,132.83
1725702333.452485,25,50,124.25,132.87
1725702335.121415,25,50,124.35,132.69
1725702336.781227,25,50,124.42,132.83
1725702338.453404,25,50,124.63,133.29
1725702340.103103,25,50,124.63,133.36
1725702341.7773829,25,50,124.7,133.39
1725702343.437412,25,50,124.84,133.46
1725702345.018487,25,50,124.84,133.43
1725702346.654956,25,50,125.08,133.81
1725702348.309474,25,50,125.22,133.6
1725702349.985659,25,50,125.33,133.32
1725702351.688063,25,50,125.43,133.71
1725702353.435457,25,50,125.57,133.64
1725702356.214654,25,50,125.71,133.92
1725702357.942826,25,50,125.9625,134.2
1725702359.672222,25,50,126.03,134.27
1725702361.393169,25,50,126.13,134.44
1725702363.10305,30,50,126.2,133.81
1725702364.820949,30,50,126.37,134.65
1725702366.533947,30,50,126.44,134.44
1725702368.244611,30,50,126.58,134.69
1725702370.950098,30,50,126.76,134.83
1725702372.647985,30,50,126.76,134.72
1725702374.3432078,30,50,126.9,134.93
1725702376.0493429,30,50,127.0,134.79
1725702377.772815,30,50,17.11,135.25
1725702379.511004,30,50,127.28,135.04
1725702381.2427368,30,50,127.39,135.18
1725702382.980376,30,50,127.42,135.0
1725702384.7045498,30,50,127.46,135.56
1725702386.428064,30,50,127.6,135.28
1725702388.148983,30,50,127.67,135.28
1725702389.8713229,30,50,127.8,135.77
1725702402.323231,10,50,128.61,136.36
1725702404.005604,10,50,128.64,136.36
1725702405.7652109,10,50,128.75,136.64
1725702407.2055612,10,50,128.89,136.68
1725702408.958956,10,50,128.89,136.64
1725702410.4178,10,50,128.96,136.47
1725702412.192589,10,50,128.99,136.86
1725702413.641762,10,50,128.99,136.61
1725702415.405351,10,50,129.03,136.68
1725702416.846097,10,50,129.2,136.99
1725702418.597872,10,50,129.24,136.44
1725702420.0328891,10,50,129.31,137.03
1725702421.7869608,10,50,129.45,136.82
1725702423.222674,10,50,129.52,137.06
1725702424.9758132,10,50,129.62,137.2
1725702426.419744,10,50,129.72,136.99
1725702428.1760068,10,50,129.83,137.24
1725702429.608078,10,50,129.86,137.34
1725702431.3555799,10,50,130.04,137.52
1725702433.905838,5,50,130.14,137.13
1725702435.640979,5,50,130.18,137.59
1725702437.064438,5,50,130.18,137.45
1725702438.798143,5,50,130.25,137.52
1725702440.432554,5,50,130.25,137.34
1725702442.1643252,5,50,130.28,137.34
1725702443.79951,5,50,130.39,137.38
1725702445.540352,5,50,130.42,137.62
1725702446.987325,5,50,130.46,137.59
1725702448.75685,5,50,130.49,137.8
1725702450.206909,5,50,130.46,137.87
1725702451.97745,5,50,130.53,137.94
1725702453.4181929,5,50,130.6,137.69
1725702455.170495,5,50,130.67,137.9
1725702456.59984,5,50,130.7,137.73
1725702458.3437781,5,50,130.6,137.66
1725702459.990484,5,50,130.63,138.11
1725702462.746165,5,50,130.6,137.97
1725702464.1747289,0,50,130.7,137.8
1725702465.912479,0,50,130.77,137.76
1725702467.34407,0,50,130.74,138.01
1725702469.078869,0,50,130.63,137.83
1725702470.506263,0,50,130.77,138.08
1725702473.249683,0,50,130.95,137.97
1725702474.679153,0,50,130.88,137.76
1725702477.434884,0,50,130.95,137.8
1725702478.861078,0,50,130.91,137.83
1725702480.60019,0,50,130.91,137.8
1725702482.028685,0,50,130.91,137.94
1725702483.763144,0,50,130.88,138.01
1725702485.188939,0,50,130.98,138.0
1725702486.922394,0,50,130.91,137.83
1725702488.3450072,0,50,130.88,138.05
1725702490.088923,0,50,130.91,138.01
1725702492.647939,0,50,130.84,137.66
1725702494.3843179,0,50,131.02,137.94
1725702496.035429,0,50,131.05,137.97
1725702497.773045,0,50,131.02,137.59
1725702499.1941068,0,50,130.95,137.97
1725702500.9313369,0,50,130.98,137.8
1725702502.354808,0,50,130.95,138.11
1725702504.0889778,0,50,130.98,137.83
1725702505.5169542,0,50,130.98,137.62
1725702508.268565,0,50,130.95,137.87
1725702509.6939242,0,50,130.98,138.05
1725702511.427565,0,50,131.12,137.8
1725702512.857226,0,50,130.98,137.97
1725702514.592906,0,50,13.05,137.52
1725702516.025522,0,50,131.02,137.94
1725702517.768502,0,50,131.02,137.59
1725702519.2001421,0,50,131.02,136.99
1725702520.951155,0,50,130.98,137.27
1725702522.40005,0,50,131.02,137.69
1725702524.1626,0,50,130.98,137.52
1725702525.614654,0,50,130.95,137.38
1725702527.381183,0,50,31.05,137.41
1725702528.8056462,0,50,131.05,137.55
1725702530.538274,0,50,130.98,137.62
1725702532.175624,0,50,130.91,137.45
1725702533.902099,0,50,130.88,137.45
1725702535.3226292,0,50,130.84,137.59
1725702538.065307,0,50,130.67,137.34
1725702539.486165,0,50,130.6,137.27
1725702541.222829,0,50,130.6,137.45
1725702542.643201,0,50,130.53,137.1
1725702544.3687282,0,50,130.49,136.96
1725702545.792201,0,50,130.49,137.03
1725702547.527858,0,50,130.46,136.92
1725702548.949291,0,50,130.49,136.82
1725702550.700379,0,50,130.46,136.58
1725702553.277426,0,50,130.39,136.89
1725702555.036172,0,50,130.39,136.68
1725702556.484133,0,50,130.39,136.75
1725702558.2311711,5,50,130.28,136.58
1725702559.892931,5,50,130.28,136.58
1725702561.635825,5,50,130.18,136.47
1725702563.0675619,5,50,130.18,136.64
1725702564.826195,5,50,130.07,136.33
1725702566.2595909,5,50,130.11,136.23
1725702568.008608,5,50,130.07,136.44
1725702569.449518,5,50,130.04,136.19
1725702571.211809,5,50,130.0,136.26
1725702572.672069,5,50,129.9,136.36
1725702574.1722822,5,50,129.9,136.36
1725702575.9407182,5,50,129.83,136.02
1725702577.3917499,5,50,129.69,135.98
1725702579.142921,5,50,129.79,135.74
1725702580.589932,5,50,129.76,135.91
1725702583.356962,5,50,129.72,136.02
1725702584.7823281,5,50,129.72,135.81
1725702586.5231419,5,50,129.58,135.84
1725702587.954747,10,50,129.48,135.6
1725702589.701629,10,50,129.41,135.39
1725702591.143635,10,50,129.31,135.7
1725702592.904115,10,50,129.34,135.91
1725702594.359152,10,50,129.13,135.25
1725702596.117491,10,50,129.1,135.74
1725702598.705156,10,50,128.99,135.18
1725702600.461331,10,50,128.99,135.28
1725702601.914376,10,50,128.99,135.56
1725702603.68494,10,50,128.85,135.14
1725702605.143229,10,50,128.85,135.39
1725702606.912669,10,50,128.78,135.18
1725702608.36579,10,50,128.68,135.21
1725702610.1487072,10,50,128.61,134.72
1725702612.790671,10,50,128.68,135.07
1725702614.544889,10,50,128.57,134.9
1725702615.98359,10,50,128.54,134.65
1725702617.733747,10,50,128.43,135.04
1725702619.165306,15,50,128.43,134.65
1725702620.9056158,15,50,128.29,134.76
1725702622.553789,15,50,128.33,134.55
1725702624.2885451,15,50,128.26,134.34
1725702625.941428,15,50,128.26,134.48
1725702627.696546,15,50,128.19,134.48
1725702629.145508,15,50,128.15,134.2
1725702630.9058728,15,50,128.12,134.48
1725702632.347679,15,50,128.12,134.27
1725702634.099553,15,50,128.15,134.16
1725702635.5437171,15,50,128.08,134.13
1725702637.3007429,15,50,127.91,134.02
1725702638.743804,15,50,127.91,134.06
1725702640.5092611,15,50,127.87,133.78
1725702643.1164422,15,50,127.8,133.99
1725702644.884958,15,50,127.8,133.99
1725702646.3402822,15,50,127.84,133.92
1725702648.119728,15,50,127.67,133.46
1725702649.5989969,20,50,127.73,133.46
1725702651.379474,20,50,127.56,134.02
1725702652.844699,20,50,127.53,133.53
1725702654.610199,20,50,127.49,133.57
1725702656.13814,20,50,127.49,133.6
1725702658.872292,20,50,127.32,133.43
1725702660.4871109,20,50,127.35,133.43
1725702662.101003,20,50,127.35,133.18
1725702663.7661152,20,50,127.25,133.25
1725702665.3395042,20,50,127.28,133.22
1725702666.958009,20,50,127.35,133.01
1725702668.609741,20,50,127.32,133.22
1725702670.1847649,20,50,127.25,133.32
1725702671.9020412,20,50,127.21,133.39
1725702673.418637,20,50,127.14,133.01
1725702675.1301591,20,50,127.14,133.18
1725702676.731903,20,50,127.04,132.83
1725702678.265017,20,50,127.04,133.08
1725702679.968734,25,50,126.97,132.76
1725702681.59341,25,50,126.93,133.08
1725702683.137711,25,50,126.86,132.55
1725702684.852982,25,50,126.86,132.59
1725702686.4638872,25,50,126.76,132.66
1725702688.007415,25,50,126.79,132.45
1725702689.707686,25,50,126.72,132.76
1725702691.3359401,25,50,126.72,132.62
1725702693.0431502,25,50,126.65,132.41
1725702694.662591,25,50,126.69,132.59
1725702696.3813062,25,50,126.58,132.76
1725702697.8945851,25,50,126.58,132.41
1725702699.4576268,25,50,126.62,132.48
1725702701.1865442,25,50,126.44,132.41
1725702702.70653,25,50,126.48,132.41
1725702704.4325602,25,50,126.51,132.55
1725702706.07954,25,50,126.48,132.41
1725702707.81174,25,50,126.48,132.34
1725702709.448746,25,50,126.48,132.31
1725702711.160933,30,50,126.48,132.38
1725702712.778091,30,50,126.41,132.27
1725702714.485993,30,50,126.37,132.52
1725702716.103752,30,50,126.37,131.99
1725702717.799093,30,50,126.34,132.27
1725702719.425334,30,50,126.37,132.27
1725702721.122167,30,50,126.3,132.17
1725702722.736002,30,50,126.23,132.55
1725702724.281342,30,50,126.23,132.34
1725702725.978621,30,50,126.23,132.41
1725702727.5851462,30,50,126.2,132.34
1725702729.123456,30,50,126.27,132.24
1725702730.736771,30,50,126.2,132.24
1725702732.2995431,30,50,126.27,132.45
1725702733.843681,30,50,126.23,132.41
1725702735.5456781,30,50,126.2,132.34
1725702737.141263,30,50,126.17,132.31
1725702738.685175,30,50,126.2,132.06
1725702740.381228,30,50,126.2,132.24
1725702741.979603,35,50,126.17,132.34
1725702743.525099,35,50,126.3,132.27
1725702745.2217972,35,50,126.27,132.27
1725702746.837405,35,50,126.34,132.31
1725702748.466825,35,50,126.27,132.34
1725702750.0494888,35,50,126.34,132.27
1725702751.598947,35,50,126.34,132.66
1725702753.316492,35,50,126.37,132.1
1725702754.922795,35,50,126.41,132.2
1725702756.636845,35,50,126.34,132.27
1725702758.245794,35,50,126.41,132.41
1725702759.813739,35,50,126.44,132.24
1725702762.543766,35,50,126.44,132.48
1725702764.187511,35,50,126.44,132.8
1725702765.912965,35,50,126.51,132.48
1725702767.555397,35,50,126.44,132.73
1725702769.273257,35,50,126.48,132.76
1725702770.897575,35,50,126.55,132.66
1725702772.610467,40,50,126.58,132.87
1725702774.258204,40,50,126.58,132.45
1725702775.7786539,40,50,126.58,132.8
1725702777.598164,40,50,126.9,132.94
1725702779.2130098,40,50,126.83,132.76
1725702780.767046,40,50,126.9,132.9
1725702782.403966,40,50,127.0,132.83
1725702783.998167,40,50,127.0,133.22
1725702785.4518971,40,50,127.04,133.22
1725702787.211919,40,50,127.07,133.18
1725702788.797902,40,50,127.07,133.15
1725702790.518155,40,50,127.11,133.43
1725702792.139852,40,50,127.21,133.22
1725702793.841708,40,50,127.21,133.36
1725702795.4366379,40,50,127.25,133.29
1725702796.9750452,40,50,127.21,133.25
1725702798.6746209,40,50,127.35,133.5
1725702800.3330681,40,50,127.28,133.39
1725702802.0951722,40,50,127.42,133.78
1725702803.566784,45,50,127.42,133.6
1725702805.359186,45,50,127.53,133.53
1725702806.81829,45,50,127.63,133.88
1725702808.574543,45,50,127.73,133.92
1725702810.0240378,45,50,127.8,133.85
1725702811.793241,45,50,127.8,134.41
1725702813.2367191,45,50,127.87,133.99
1725702814.994473,45,50,127.94,134.27
1725702816.439442,45,50,128.01,13.48
1725702818.178611,45,50,127.98,134.3
1725702819.7084181,45,50,128.05,134.37
1725702821.4499369,45,50,128.15,134.72
1725702823.0958788,45,50,128.26,134.9
1725702824.8423092,45,50,128.4,135.0
1725702826.303592,45,50,128.47,134.97
1725702827.8127942,45,50,128.61,134.97
1725702829.594838,45,50,128.75,135.32
1725702831.0557408,45,50,128.82,135.49
1725702832.824848,45,50,128.99,135.63
1725702834.275313,50,50,129.03,135.39
1725702836.039798,50,50,129.17,135.67
1725702837.489432,50,50,129.13,135.7
1725702839.2387252,50,50,129.38,135.77
1725702840.895933,50,50,129.31,135.91
1725702842.6310668,50,50,129.58,136.09
1725702844.076389,50,50,129.65,136.19
1725702845.8485298,50,50,129.83,136.54
1725702847.3009548,50,50,129.93,136.64
1725702849.062203,50,50,130.11,136.82
1725702850.501743,50,50,130.21,136.61
1725702852.2470028,50,50,130.32,136.68
1725702853.696915,50,50,130.46,137.1
1725702855.4452522,50,50,130.63,136.96
1725702856.87201,50,50,130.67,137.13
1725702858.597503,50,50,130.84,137.76
1725702860.018485,50,50,130.84,137.41
1725702861.7654421,50,50,131.02,137.62
1725702863.206246,50,50,131.02,137.62
1725702864.955487,55,50,131.3,138.05
1725702866.601274,55,50,131.3,138.22
1725702868.332903,55,50,131.37,138.46
1725702869.978035,55,50,131.51,138.57
1725702871.695811,55,50,131.86,138.64
1725702873.304297,55,50,131.92,138.54
1725702875.032802,55,50,132.17,138.92
1725702876.6946602,55,50,132.27,139.13
1725702878.425695,55,50,132.45,139.1
1725702880.072285,55,50,132.66,139.59
1725702882.805253,55,50,132.94,139.73
1725702884.431249,55,50,133.11,139.59
1725702886.151052,55,50,133.25,139.48
1725702887.796587,55,50,133.29,139.8
1725702889.542342,55,50,133.53,140.46
1725702891.090378,55,50,133.67,140.53
1725702892.83476,55,50,133.74,140.81
1725702894.48149,55,50,133.95,140.81
1725702896.209697,60,50,134.13,141.02
1725702897.8533309,60,50,134.13,141.09
1725702899.579854,60,50,134.44,141.16
1725702901.204812,60,50,134.58,141.58
1725702902.9159858,60,50,134.83,141.72
1725702904.544184,60,50,134.97,141.93
1725702906.272178,60,50,135.18,142.46
1725702907.8816462,60,50,135.25,142.25
1725702909.597703,60,50,135.49,142.56
1725702911.2344582,60,50,135.53,142.74
1725702912.9339101,60,50,135.88,143.26
1725702914.545345,60,50,136.05,143.48
1725702916.094199,60,50,136.19,143.37
1725702917.786734,60,50,136.51,144.11
1725702919.3960068,60,50,136.68,144.07
1725702920.9280488,60,50,136.82,144.18
1725702922.611593,60,50,137.03,144.25
1725702924.1935282,60,50,137.2,144.39
1725702925.701299,60,50,137.38,144.56
1725702927.379012,65,50,137.66,145.05
1725702928.816791,65,50,137.76,145.23
1725702930.568911,65,50,138.15,145.4
1725702932.114122,65,50,138.29,145.72
1725702933.853366,65,50,138.57,146.0
1725702935.380668,65,50,138.75,146.35
1725702937.1185799,65,50,138.89,146.46
1725702938.751051,65,50,139.1,146.46
1725702940.4908512,65,50,139.34,146.95
1725702943.162236,65,50,139.73,147.37
1725702944.893056,65,50,140.11,147.54
1725702946.336871,65,50,140.15,147.93
1725702948.109998,65,50,140.57,147.83
1725702949.553729,65,50,140.81,148.39
1725702951.30059,65,50,141.09,148.74
1725702952.733675,65,50,141.27,148.7
1725702954.494729,65,50,141.62,149.05
1725702955.9451149,65,50,141.76,149.34
1725702957.680023,70,50,142.14,149.48
1725702959.110631,70,50,142.21,149.65
1725702960.8495538,70,50,142.56,150.07
1725702962.285834,70,50,142.6,150.21
1725702963.748975,70,50,142.81,150.21
1725702965.500662,70,50,143.16,150.92
1725702967.271283,70,50,143.37,151.37
1725702969.011335,70,50,143.72,151.58
1725702970.662266,70,50,143.79,151.66
1725702972.392802,70,50,144.14,151.83
1725702974.019952,70,50,144.25,152.29
1725702975.737228,70,50,144.63,152.43
1725702977.182167,70,50,144.81,152.57
1725702978.924991,70,50,145.23,153.17
1725702980.563493,70,50,145.23,153.1
1725702982.28598,70,50,145.61,153.41
1725702983.914075,70,50,145.72,153.91
1725702985.5156999,70,50,146.04,154.54
1725702987.1418529,70,50,146.28,154.4
1725702988.841738,75,50,146.74,155.03
1725702990.492469,75,50,146.91,155.1
1725702992.11551,75,50,147.3,155.59
1725702993.7631621,75,50,147.44,155.84
1725703003.9878762,10,50,149.3,157.74
1725703005.500171,10,50,149.3,157.85
1725703007.0557382,10,50,149.55,157.95
1725703008.7576928,10,50,149.72,158.13
1725703010.357889,10,50,149.86,158.2
1725703011.903425,10,50,150.11,158.38
1725703013.592164,10,50,150.39,158.59
1725703015.191788,10,50,150.6,158.8
1725703016.72121,10,50,150.67,158.83
1725703018.432663,10,50,150.92,159.15
1725703020.030715,10,50,151.09,159.22
1725703021.563145,10,50,151.2,159.36
1725703023.276294,10,50,151.62,159.61
1725703024.896526,10,50,151.76,159.71
1725703026.6054,10,50,152.01,160.03
1725703028.2081332,10,50,152.22,160.1
1725703029.750485,10,50,152.15,160.14
1725703031.444171,10,50,152.71,160.42
1725703034.234507,10,50,152.92,160.67
1725703035.763469,5,50,153.2,160.88
1725703037.447917,5,50,153.48,161.12
1725703039.018209,5,50,153.66,161.27
1725703053.943912,10,50,154.79,162.22
1725703055.679211,10,50,154.82,162.39
1725703057.1969438,10,50,154.79,162.5
1725703058.941824,10,50,154.96,162.61
1725703060.3571682,10,50,155.03,162.71
1725703062.0732841,10,50,155.1,162.96
1725703063.48318,10,50,155.17,162.92
1725703065.2123,10,50,155.35,162.99
1725703066.629278,10,50,155.35,163.06
1725703068.1877,10,50,155.38,163.06
1725703069.9090948,10,50,155.45,163.1
1725703071.311552,10,50,155.45,163.21
1725703073.03657,10,50,155.63,163.38
1725703074.665909,10,50,155.66,163.45
1725703076.3745668,10,50,155.74,163.52
1725703077.9908211,10,50,155.74,163.63
1725703079.539949,10,50,155.88,163.66
1725703081.259352,10,50,156.02,163.88
1725703083.8900821,10,50,156.05,163.84
1725703085.605412,5,50,156.19,163.91
1725703087.233655,5,50,156.3,163.91
1725703088.943726,5,50,156.47,164.09
1725703090.5575979,5,50,156.54,164.09
1725703092.1122072,5,50,156.62,164.16
1725703107.814751,40,40,157.18,164.16
1725703109.5616078,40,40,157.46,164.3
1725703111.010637,40,40,157.46,164.33
1725703112.777194,40,40,157.53,164.37
1725703114.224986,40,40,157.57,164.48
1725703115.986372,40,40,157.46,164.58
1725703117.433308,40,40,157.53,164.69
1725703119.189554,40,40,157.57,164.79
1725703120.636605,40,40,157.64,164.83
1725703122.390686,40,40,157.67,164.97
1725703123.828483,40,40,157.67,165.04
1725703125.584571,40,40,157.81,165.25
1725703127.02026,40,40,157.88,165.29
1725703128.7673259,40,40,157.99,165.36
1725703130.196738,40,40,158.06,165.43
1725703131.9461,40,40,158.13,165.46
1725703133.378463,40,40,158.06,165.5
1725703135.1316962,40,40,158.13,165.61
1725703136.580478,40,40,158.2,165.78
1725703139.374957,35,40,158.24,165.82
1725703140.818914,35,40,158.38,165.82
1725703142.572268,35,40,158.52,165.89
1725703144.013116,35,40,158.59,165.89
1725703145.762204,35,40,158.62,165.99
1725703147.1958458,35,40,158.69,166.03
1725703148.9406998,35,40,158.8,166.03
1725703150.5981839,35,40,158.83,166.1
1725703152.345563,35,40,159.01,166.21
1725703153.777215,35,40,159.08,166.24
1725703155.523713,35,40,159.05,166.38
1725703157.052077,35,40,159.08,166.45
1725703158.790108,35,40,159.08,166.56
1725703160.4372191,35,40,159.12,166.63
1725703162.186529,35,40,159.22,166.73
1725703163.6255481,35,40,159.19,166.81
1725703165.383504,35,40,159.29,166.91
1725703168.0041118,35,40,159.43,167.02
1725703169.779045,30,40,159.61,167.12
1725703171.249352,30,40,159.75,167.3
1725703173.0116322,30,40,159.79,167.41
1725703174.457178,30,40,159.86,167.37
1725703176.221944,30,40,160.07,167.44
1725703178.8010838,30,40,160.1,167.58
1725703180.547473,30,40,160.24,167.69
1725703183.1156878,30,40,160.38,167.9
1725703184.855587,30,40,160.67,167.97
1725703186.39384,30,40,160.56,168.08
1725703188.12576,30,40,160.67,168.25
1725703189.658973,30,40,160.74,168.29
1725703191.396045,30,40,160.74,168.36
1725703192.83168,30,40,160.77,168.32
1725703194.579856,30,40,160.95,168.54
1725703196.014237,30,40,161.02,168.61
1725703198.771054,30,40,161.16,168.68
1725703200.305841,25,40,161.12,168.71
1725703202.0397708,25,40,161.16,168.82
1725703203.672092,25,40,161.3,168.78
1725703205.385445,25,40,161.41,169.0
1725703206.8099148,25,40,161.37,169.03
1725703208.274909,25,40,161.41,169.03
1725703210.010807,25,40,161.55,169.35
1725703211.650466,25,40,161.58,169.31
1725703214.370154,25,40,161.69,169.42
1725703215.9964218,25,40,161.72,169.46
1725703217.70189,25,40,161.83,169.53
1725703219.313146,25,40,161.79,169.53
1725703220.85637,25,40,161.97,169.6
1725703222.5718331,25,40,161.97,169.77
1725703224.214605,25,40,162.04,169.84
1725703225.965903,25,40,162.25,169.99
1725703227.6270778,25,40,162.22,170.06
1725703229.366147,25,40,162.46,170.13
1725703230.785822,20,40,162.57,170.2
1725703232.5149922,20,40,162.64,170.37
1725703233.929131,20,40,162.71,170.48
1725703243.743806,40,65,163.13,171.01
1725703245.3863528,40,65,163.21,171.05
1725703247.131295,40,65,163.1,171.08
1725703248.5556421,40,65,163.17,171.01
1725703250.294965,40,65,163.17,171.01
1725703251.937031,40,65,163.03,170.98
1725703253.676834,40,65,163.24,170.98
1725703255.1126,40,65,163.21,171.01
1725703256.844385,40,65,163.42,171.08
1725703258.263517,40,65,163.52,171.12
1725703260.003849,40,65,163.59,171.12
1725703261.4247072,40,65,163.66,171.29
1725703263.1593668,40,65,163.66,171.33
1725703264.798913,40,65,163.84,171.26
1725703266.5256808,40,65,163.84,171.44
1725703267.9539578,40,65,163.98,171.54
1725703269.676384,40,65,164.05,171.68
1725703271.310793,40,65,164.05,171.75
1725703274.0531662,40,65,164.09,171.75
1725703275.696418,35,65,164.02,171.72
1725703277.420202,35,65,164.19,172.0
1725703278.9402921,35,65,164.05,171.93
1725703280.660031,35,65,164.12,172.0
1725703282.282209,35,65,164.16,172.11
1725703283.997121,35,65,164.19,172.18
1725703285.6175518,35,65,164.19,172.18
1725703287.2518861,35,65,164.51,172.32
1725703288.905649,35,65,164.44,172.5
1725703290.501089,35,65,164.48,172.5
1725703292.222611,35,65,164.65,172.6
1725703293.862756,35,65,164.58,172.67
1725703295.589421,35,65,164.65,172.78
1725703297.112226,35,65,164.65,172.67
1725703298.835598,35,65,164.83,172.82
1725703300.468939,35,65,164.97,172.96
1725703302.1883478,35,65,164.97,173.13
1725703303.8033369,35,65,165.0,173.2
1725703305.347512,35,65,165.11,173.17
1725703307.054671,30,65,165.22,173.24
1725703308.676605,30,65,165.15,173.17
1725703310.3824131,30,65,165.22,173.17
1725703311.9904268,30,65,165.36,173.24
1725703313.538962,30,65,165.39,173.31
1725703315.242783,30,65,165.57,173.42
1725703316.851548,30,65,165.61,173.49
1725703318.3936992,30,65,165.61,173.52
1725703320.093151,30,65,165.68,173.7
1725703321.6962361,30,65,165.68,173.7
1725703323.2459898,30,65,165.68,173.77
1725703324.9443278,30,65,165.71,173.77
1725703326.566497,30,65,165.78,173.95
1725703328.275583,30,65,165.78,173.88
1725703329.904224,30,65,166.03,173.95
1725703331.638428,30,65,165.99,174.02
1725703334.0869849,30,65,166.03,174.02
1725703335.8248231,30,65,166.17,174.23
1725703337.473494,25,65,166.31,174.34
1725703339.1974242,25,65,166.38,174.27
1725703340.833676,25,65,166.38,174.34
1725703342.5657358,25,65,166.35,174.51
1725703344.205424,25,65,166.38,174.41
1725703345.932849,25,65,166.52,174.51
1725703347.576473,25,65,166.49,174.62
1725703350.304543,25,65,166.59,174.76
1725703351.812525,25,65,166.63,174.66
1725703353.53248,25,65,166.84,174.76
1725703355.163647,25,65,166.91,174.73
1725703356.882158,25,65,167.09,174.83
1725703358.5193741,25,65,166.98,174.9
1725703360.242729,25,65,167.02,174.9
1725703361.8720589,25,65,167.05,174.94
1725703363.585262,25,65,166.98,175.01
1725703365.217292,25,65,167.05,175.05
1725703366.9337611,25,65,167.05,175.12
1725703368.447317,20,65,167.12,175.12
1725703369.998799,20,65,167.16,175.19
1725703371.700691,20,65,167.3,175.26
1725703373.3135161,20,65,167.23,175.26
1725703374.867241,20,65,167.23,175.33
1725703376.569969,20,65,167.3,175.36
1725703379.3768508,20,65,167.34,175.29
1725703380.914866,20,65,167.3,175.4
1725703382.6229591,20,65,167.48,175.43
1725703384.2410939,20,65,167.55,175.47
1725703385.790988,20,65,167.44,175.47
1725703387.487944,20,65,167.48,175.43
1725703389.10422,20,65,167.51,175.36
1725703390.821423,20,65,167.58,175.47
1725703392.425056,20,65,167.41,175.51
1725703394.958525,20,65,167.55,175.54
1725703396.6604302,20,65,167.65,175.54
1725703398.281517,20,65,167.58,175.58
1725703399.987536,15,65,167.48,175.68
1725703401.6064708,15,65,167.44,175.68
1725703403.320608,15,65,167.48,175.61
1725703404.938817,15,65,167.48,175.61
1725703406.494276,15,65,167.48,175.61
1725703408.196287,15,65,167.44,175.47
1725703409.8090398,15,65,167.3,175.33
1725703411.3676028,15,65,167.37,175.43
1725703413.072595,15,65,167.44,175.43
1725703414.693692,15,65,167.37,175.47
1725703416.3925278,15,65,167.34,175.43
1725703418.00017,15,65,167.3,175.4
1725703419.5526521,15,65,167.37,175.54
1725703421.251619,15,65,167.44,175.58
1725703422.870749,15,65,167.41,175.51
1725703424.5644522,15,65,167.44,175.51
1725703426.1788092,15,65,167.51,175.51
1725703427.7244742,15,65,167.51,175.51
1725703429.420821,15,65,167.41,175.61
1725703431.022877,10,65,167.34,175.51
1725703432.5584462,10,65,167.44,175.51
1725703434.24558,10,65,167.34,175.54
1725703435.848143,10,65,167.37,175.54
1725703437.394551,10,65,167.41,175.58
1725703439.093319,10,65,167.37,175.47
1725703440.7097678,10,65,167.26,175.4
1725703442.410495,10,65,167.41,175.29
1725703444.018912,10,65,167.44,175.4
1725703445.5692968,10,65,167.55,175.22
1725703447.279395,10,65,167.51,175.19
1725703448.897367,10,65,167.55,175.19
1725703450.4407492,10,65,167.51,175.29
1725703452.1474292,10,65,167.51,175.15
1725703454.76099,10,65,167.51,175.15
1725703456.3134341,10,65,167.41,175.08
1725703458.022624,10,65,167.48,174.94
1725703459.654382,10,65,167.3,174.97
1725703461.37309,5,65,167.23,174.9
1725703463.009592,5,65,167.23,174.83
1725703464.739712,5,65,167.16,174.87
1725703466.373245,5,65,167.19,174.8
1725703468.094754,5,65,167.09,174.83
1725703469.619622,5,65,167.12,174.83
1725703471.33072,5,65,167.05,174.73
1725703472.748577,5,65,167.12,174.76
1725703474.474543,5,65,166.98,174.66
1725703476.11395,5,65,167.05,174.58
1725703477.853827,5,65,166.91,174.58
1725703479.276791,5,65,166.95,174.51
1725703481.005825,5,65,166.95,174.34
1725703482.526552,5,65,166.91,174.41
1725703485.2780979,5,65,166.59,174.37
1725703486.695383,5,65,166.52,174.37
1725703488.2523258,5,65,166.49,174.16
1725703489.948719,5,65,166.38,174.16
1725703491.547317,10,65,166.49,174.09
1725703493.0874949,10,65,166.35,174.09
1725703494.7873971,10,65,166.13,173.91
1725703496.395076,10,65,165.99,173.84
1725703497.9382489,10,65,165.96,173.81
1725703499.6381261,10,65,165.89,173.7
1725703501.256862,10,65,165.85,173.66
1725703502.9663439,10,65,165.71,173.52
1725703504.571939,10,65,165.61,173.49
1725703506.1181371,10,65,165.64,173.49
1725703507.830486,10,65,165.68,173.35
1725703509.461789,10,65,165.71,173.28
1725703511.184136,10,65,165.61,173.17
1725703512.825718,10,65,165.46,173.1
1725703514.5522282,10,65,165.5,173.17
1725703515.976683,10,65,165.32,173.06
1725703517.53521,10,65,165.46,173.03
1725703519.248391,10,65,165.22,172.92
1725703520.868362,10,65,165.18,172.89
1725703522.582752,15,65,165.0,172.74
1725703524.2087822,15,65,165.04,172.64
1725703525.9271061,15,65,164.9,172.46
1725703527.5656781,15,65,164.76,172.46
1725703529.292001,15,65,164.76,172.32
1725703530.919275,15,65,164.62,172.25
1725703532.6448572,15,65,164.51,172.14
1725703534.173721,15,65,164.55,172.11
1725703535.907413,15,65,164.58,171.93
1725703537.5498722,15,65,164.55,171.9
1725703539.291243,15,65,164.37,171.72
1725703540.9466398,15,65,164.37,171.65
1725703542.6937118,15,65,164.26,171.58
1725703544.1170409,15,65,164.23,171.51
1725703545.8497112,15,65,164.19,171.47
1725703547.491169,15,65,164.16,171.47
1725703549.2218502,15,65,164.16,171.29
1725703550.750465,15,65,164.05,171.22
1725703552.488874,15,65,163.95,171.15
1725703553.912371,20,65,163.84,170.94
1725703555.661064,20,65,163.7,170.98
1725703557.092561,20,65,163.73,170.87
1725703558.831417,20,65,163.66,170.8
1725703560.256978,20,65,163.52,170.8
1725703561.996762,20,65,163.45,170.66
1725703563.539008,20,65,163.35,170.76
1725703565.274344,20,65,163.28,170.69
1725703566.924476,20,65,163.28,170.66
1725703568.674189,20,65,163.28,170.62
1725703570.094858,20,65,163.13,170.52
1725703571.725062,20,65,162.99,170.48
1725703573.389055,20,65,162.96,170.34
1725703575.056179,20,65,162.82,170.37
1725703576.721194,20,65,162.85,170.27
1725703578.389413,20,65,162.5,170.23
1725703580.071884,20,65,162.5,170.06
1725703581.7527602,20,65,162.5,170.02
1725703583.4409401,20,65,162.36,169.92
1725703585.129519,25,65,162.29,169.84
1725703586.815229,25,65,162.25,169.74
1725703588.495499,25,65,162.01,169.74
1725703590.186684,25,65,162.18,169.6
1725703591.882118,25,65,161.97,169.49
1725703593.584679,25,65,161.9,169.31
1725703595.284838,25,65,161.83,169.35
1725703596.983767,25,65,161.76,169.21
1725703598.678457,25,65,161.69,169.14
1725703600.363992,25,65,161.65,169.07
1725703602.04571,25,65,161.48,169.07
1725703604.76271,25,65,161.44,168.89
1725703606.456904,25,65,161.37,168.75
1725703608.076638,25,65,161.27,168.75
1725703609.743218,25,65,161.34,168.68
1725703611.442524,25,65,161.27,168.64
1725703613.159605,25,65,161.23,168.57
1725703614.871508,25,65,161.23,168.54
1725703616.587714,30,65,161.23,168.47
1725703618.300212,30,65,161.16,168.4
1725703620.010902,30,65,161.2,168.43
1725703621.72845,30,65,161.02,168.32
1725703623.4526138,30,65,160.88,168.29
1725703625.177663,30,65,160.84,168.22
1725703626.90116,30,65,160.7,168.18
1725703628.625361,30,65,160.67,168.15
1725703630.344197,30,65,160.53,168.08
1725703632.068236,30,65,160.56,168.08
1725703633.798362,30,65,160.63,168.04
1725703635.536631,30,65,160.6,167.94
1725703637.268202,30,65,160.45,167.9
1725703638.984489,30,65,160.45,167.9
1725703640.694038,30,65,160.53,167.87
1725703642.401781,30,65,160.53,167.83
1725703644.091326,30,65,160.35,167.79
1725703645.795487,30,65,160.53,167.65
1725703647.4829051,35,65,160.56,167.76
1725703649.170584,35,65,160.45,167.58
1725703650.863651,35,65,160.45,167.58
1725703652.560218,35,65,160.35,167.58
1725703654.251744,35,65,160.42,167.55
1725703655.945504,35,65,160.24,167.65
1725703657.640324,35,65,160.21,167.58
1725703659.3292701,35,65,160.03,167.69
1725703661.02272,35,65,160.07,167.58
1725703662.711766,35,65,160.14,167.58
1725703664.406788,35,65,159.93,167.55
1725703666.0984042,35,65,159.93,167.58
1725703667.798464,35,65,159.89,167.51
1725703669.494486,35,65,159.93,167.55
1725703671.18078,35,65,160.03,167.55
1725703672.867368,35,65,159.93,167.41
1725703674.568594,35,65,159.89,167.37
1725703676.272079,35,65,159.93,167.37
1725703677.965649,40,65,159.82,167.48
1725703679.6682398,40,65,159.96,167.41
1725703681.371416,40,65,159.93,167.34
1725703683.071135,40,65,159.89,167.41
1725703684.764065,40,65,159.86,167.48
1725703686.4540339,40,65,159.89,167.48
1725703688.164206,40,65,159.96,167.55
1725703689.8609228,40,65,159.86,167.48
1725703691.567033,40,65,159.75,167.51
1725703693.266817,40,65,159.71,167.48
1725703694.9702022,40,65,159.71,167.44
1725703696.6746838,40,65,159.57,167.44
1725703698.371992,40,65,159.61,167.48
1725703700.0694258,40,65,159.71,167.41
1725703701.764298,40,65,159.86,167.51
1725703703.474058,40,65,159.71,167.48
1725703705.175497,40,65,159.79,167.44
1725703706.874063,40,65,159.71,167.55
1725703708.5628989,45,65,159.71,167.48
1725703710.254549,45,65,159.79,167.51
1725703711.93984,45,65,159.86,167.51
1725703713.6305878,45,65,159.86,167.65
1725703715.3223832,45,65,159.79,167.72
1725703717.00809,45,65,159.79,167.69
1725703718.696513,45,65,159.82,167.65
1725703720.3844469,45,65,159.89,167.76
1725703722.08197,45,65,159.89,167.83
1725703724.801101,45,65,160.1,167.87
1725703726.517034,45,65,160.17,167.94
1725703728.2244549,45,65,160.21,167.97
1725703729.95311,45,65,160.31,168.04
1725703731.6873689,45,65,160.35,168.11
1725703733.4183218,45,65,160.35,168.08
1725703735.149139,45,65,160.38,168.15
1725703736.875854,45,65,160.35,168.25
1725703738.592513,50,65,160.42,168.36
1725703740.3111491,50,65,160.42,168.43
1725703742.028576,50,65,160.49,168.47
1725703743.733477,50,65,160.53,168.57
1725703745.442566,50,65,160.56,168.68
1725703747.156733,50,65,160.67,168.64
1725703748.870977,50,65,160.74,168.75
1725703750.568924,50,65,160.91,168.85
1725703752.2685409,50,65,160.98,169.0
1725703753.965182,50,65,161.09,169.1
1725703755.660581,50,65,161.16,169.21
1725703757.3467038,50,65,161.23,169.28
1725703759.034307,50,65,161.3,169.35
1725703760.7432919,50,65,161.37,169.49
1725703762.444631,50,65,161.48,169.6
1725703764.1330009,50,65,161.58,169.63
1725703765.825112,50,65,161.48,169.67
1725703767.520372,50,65,161.76,169.84
1725703769.214015,55,65,161.72,169.88
1725703770.893793,55,65,161.87,170.06
1725703772.573833,55,65,161.97,170.09
1725703774.25124,55,65,162.22,170.27
1725703775.928798,55,65,162.32,170.41
1725703777.596701,55,65,162.39,170.48
1725703779.24843,55,65,162.5,170.66
1725703780.831597,55,65,162.68,170.69
1725703782.489773,55,65,162.71,170.83
1725703785.192168,55,65,162.85,171.12
1725703786.887965,55,65,162.96,171.19
1725703788.582465,55,65,163.03,171.4
1725703790.278351,55,65,163.35,171.47
1725703791.987566,55,65,163.38,171.68
1725703793.6796532,55,65,163.56,171.75
1725703795.357764,55,65,163.73,171.93
1725703797.0536058,55,65,163.95,172.07
1725703798.74409,55,65,164.12,172.28
1725703800.424586,60,65,164.16,172.39
1725703802.107203,60,65,164.41,172.6
1725703803.7885451,60,65,164.51,172.74
1725703805.465709,60,65,164.41,172.85
1725703807.1318169,60,65,164.65,172.99
1725703808.794202,60,65,164.76,173.24
1725703810.463365,60,65,164.83,173.35
1725703812.1405609,60,65,164.97,173.49
1725703813.812259,60,65,165.25,173.59
1725703815.467444,60,65,165.36,173.77
1725703817.049629,60,65,165.43,173.95
1725703818.656564,60,65,165.71,174.05
1725703820.307982,60,65,165.71,174.2
1725703821.882227,60,65,165.75,174.34
1725703823.5165608,60,65,165.99,174.41
1725703825.2071838,60,65,165.99,174.69
1725703826.8988411,60,65,166.1,174.8
1725703828.579499,60,65,166.28,175.01
1725703830.255743,60,65,166.7,175.12
1725703831.923828,65,65,166.77,175.29
1725703833.5949461,65,65,167.02,175.51
1725703835.2414389,65,65,167.19,175.79
1725703836.932323,65,65,167.34,175.89
1725703838.638338,65,65,167.41,176.18
1725703840.3371022,65,65,167.76,176.32
1725703842.024811,65,65,167.83,176.5
1725703844.72418,65,65,168.36,176.82
1725703846.409704,65,65,168.5,177.1
1725703848.086138,65,65,168.71,177.21
1725703849.764522,65,65,168.85,177.6
1725703851.441986,65,65,169.21,177.77
1725703853.099613,65,65,169.35,178.13
1725703854.687946,65,65,169.46,178.27
1725703856.31516,65,65,169.84,178.38
1725703857.97715,65,65,170.09,178.87
1725703859.662545,65,65,170.27,179.08
1725703861.353396,65,65,170.55,179.37
1725703863.01788,60,65,170.83,179.55
1725703864.669215,60,65,170.91,179.83
1725703866.238431,60,65,171.15,179.94
1725703867.86559,60,65,171.4,180.04
1725703869.527601,60,65,171.51,180.36
1725703871.202496,60,65,171.68,180.43
1725703872.8553731,60,65,171.79,180.86
1725703874.449565,60,65,172.0,180.93
1725703876.15615,60,65,172.36,181.21
1725703877.767925,60,65,172.6,181.46
1725703879.495735,60,65,172.96,181.71
1725703881.0305789,60,65,173.17,181.82
1725703882.759074,60,65,173.35,182.1
1725703884.185547,60,65,173.42,182.31
1725703885.930112,60,65,173.66,182.6
1725703887.361098,60,65,173.77,182.84
1725703889.117347,60,65,174.16,183.02
1725703890.552033,60,65,174.23,183.2
1725703892.297983,60,65,174.69,183.48
1725703893.937474,55,65,174.87,183.7
1725703895.661786,55,65,175.08,184.05
1725703897.286041,55,65,175.26,184.23
1725703899.021788,55,65,175.68,184.48
1725703900.5629902,55,65,175.82,184.69
1725703902.290446,55,65,175.89,184.87
1725703903.919671,55,65,176.07,185.05
1725703905.637162,55,65,176.46,185.37
1725703907.257696,55,65,176.57,185.54
1725703908.974282,55,65,177.1,185.93
1725703910.593235,55,65,177.17,185.97
1725703912.140609,55,65,177.35,186.25
1725703913.841557,55,65,177.63,186.72
1725703915.4359272,55,65,177.81,186.86
1725703916.984024,55,65,177.99,187.11
1725703918.744677,55,65,178.38,187.46
1725703920.290848,55,65,178.48,187.68
1725703922.028578,55,65,178.8,188.07
1725703923.6721852,55,65,178.94,188.21
1725703925.3946722,50,65,179.26,188.6
1725703927.025928,50,65,179.3,188.78
1725703928.7494001,50,65,179.51,188.99
1725703930.371259,50,65,179.69,189.17
1725703932.088834,50,65,179.97,189.49
1725703933.707743,50,65,180.25,189.67
1725703935.415776,50,65,180.5,190.06
1725703937.052222,50,65,180.54,190.16
1725703938.776611,50,65,180.93,190.56
1725703940.38858,50,65,181.11,190.7
1725703942.103769,50,65,181.57,191.02
1725703943.7032251,50,65,181.71,191.23
1725703945.243435,50,65,181.85,191.45
1725703946.953662,50,65,182.24,191.87
1725703948.574595,50,65,182.49,192.01
1725703950.123977,50,65,182.63,192.16
1725703951.8627672,50,65,183.09,192.55
1725703953.5112839,50,65,183.16,192.73
1725703955.2298062,50,65,183.73,193.15
1725703956.670588,45,65,184.02,193.33
1725703958.421716,45,65,184.48,193.55
1725703959.856121,45,65,184.55,193.76
1725703961.5983849,45,65,184.83,194.08
1725703963.024657,45,65,185.01,194.12
1725703964.765588,45,65,185.33,194.51
1725703966.18289,45,65,185.47,194.76
1725703967.9266849,45,65,185.86,194.97
1725703969.351191,45,65,186.08,195.26
1725703971.079774,45,65,186.47,195.58
1725703972.709934,45,65,186.54,195.72
1725703974.434245,45,65,187.0,196.04
1725703975.953131,45,65,187.04,196.22
1725703977.509147,45,65,187.21,196.29
1725703979.237795,45,65,187.43,196.57
1725703980.8705332,45,65,187.64,196.79
1725703982.591153,45,65,188.07,197.11
1725703984.1010098,45,65,188.17,197.22
1725703985.8235478,45,65,188.42,197.5
1725703987.4479518,40,65,188.49,197.72
1725703988.9958808,40,65,188.64,197.93
1725703990.708151,40,65,188.81,198.21
1725703992.341832,40,65,188.92,198.39
1725703995.052393,40,65,189.52,198.86
1725703996.5616179,40,65,189.7,199.11
1725703998.114197,40,65,189.92,199.18
1725703999.812056,40,65,190.31,199.57
1725704001.416592,40,65,190.45,199.64
1725704003.14325,40,65,190.84,199.96
1725704004.564543,40,65,191.09,200.28
1725704006.297258,40,65,191.34,200.57
1725704007.91941,40,65,191.34,200.64
1725704009.6386409,40,65,191.62,200.78
1725704011.1511412,40,65,191.8,200.96
1725704012.8674612,40,65,192.05,201.14
1725704014.469051,40,65,192.16,201.35
1725704016.0194,40,65,192.34,201.5
1725704017.733523,35,65,192.66,201.89
1725704019.35165,35,65,192.87,202.03
1725704020.901967,35,65,193.05,202.1
1725704022.608029,35,65,193.19,202.35
1725704025.220478,35,65,193.3,202.57
1725704026.7737489,35,65,193.58,202.64
1725704028.4758568,35,65,193.97,203.1
1725704030.1071281,35,65,194.12,203.28
1725704031.828506,35,65,194.26,203.43
1725704033.3521862,35,65,194.4,203.6
1725704035.078232,35,65,194.51,203.68
1725704036.492616,35,65,194.61,203.93
1725704038.209117,35,65,194.83,203.96
1725704039.837234,35,65,194.86,204.11
1725704041.5444,35,65,194.97,204.28
1725704043.16236,35,65,195.18,204.5
1725704044.701505,35,65,195.11,204.64
1725704046.410772,35,65,195.54,205.0
1725704048.043591,30,65,195.65,205.07
1725704049.764531,30,65,195.72,205.32
1725704051.391415,30,65,195.83,205.39
1725704053.100488,30,65,196.15,205.68
1725704054.7237408,30,65,196.15,205.82
1725704056.4400342,30,65,196.43,206.03
1725704058.061951,30,65,196.43,206.18
1725704059.7747772,30,65,196.4,206.29
1725704061.397954,30,65,196.54,206.36
1725704063.10538,30,65,196.79,206.54
1725704064.7193248,30,65,196.93,206.64
1725704066.4488509,30,65,197.04,206.93
1725704068.092459,30,65,197.04,207.14
1725704069.812787,30,65,197.54,207.29
1725704071.442086,30,65,197.68,207.47
1725704073.160444,30,65,197.75,207.61
1725704074.773406,30,65,197.79,207.61
1725704076.501073,30,65,198.07,207.61
1725704078.124435,25,65,198.14,207.79
1725704079.7581902,25,65,198.46,207.93
1725704081.402719,25,65,198.57,208.25
1725704083.932364,25,65,198.75,208.32
1725704085.5982451,25,65,198.93,208.43
1725704087.279847,25,65,198.93,208.61
1725704088.941704,25,65,199.46,208.86
1725704090.529043,25,65,199.46,208.9
1725704092.154003,25,65,199.61,209.22
1725704093.802861,25,65,199.71,209.29
1725704095.382974,25,65,199.82,209.43
1725704097.005894,25,65,199.86,209.68
1725704098.664078,25,65,199.89,209.61
1725704100.313607,25,65,199.93,209.83
1725704101.885417,25,65,200.14,209.9
1725704103.504533,25,65,200.14,209.93
1725704105.14875,25,65,200.28,210.11
1725704106.71069,25,65,200.32,210.19
1725704108.319432,20,65,200.64,210.22
1725704109.980458,20,65,200.71,210.61
1725704111.653728,20,65,200.96,210.69
1725704113.309555,20,65,200.96,210.72
1725704114.889339,20,65,200.96,210.87
1725704116.517856,20,65,201.1,210.9
1725704118.166084,20,65,201.18,210.94
1725704119.738357,20,65,201.28,211.04
1725704121.338345,20,65,201.43,211.12
1725704122.978273,20,65,201.43,211.33
1725704124.542909,20,65,201.53,211.33
1725704126.160536,20,65,201.68,211.44
1725704127.801784,20,65,201.68,211.62
1725704129.360178,20,65,201.89,211.72
1725704130.9618251,20,65,202.0,211.9
1725704132.588041,20,65,201.93,211.94
1725704134.1362891,20,65,202.14,212.05
1725704135.7450938,20,65,202.25,212.23
1725704137.373322,20,65,202.32,212.33
1725704138.917574,15,65,202.32,212.3
1725704140.5172448,15,65,202.43,212.37
1725704142.138122,15,65,202.35,212.41
1725704144.8630779,15,65,202.5,212.44
1725704146.46467,15,65,202.5,212.55
1725704148.102069,15,65,202.5,212.69
1725704149.66685,15,65,202.75,212.69
1725704151.275424,15,65,202.6,212.8
1725704152.9171698,15,65,202.78,212.87
1725704154.468577,15,65,202.78,212.91
1725704156.064878,15,65,203.0,213.05
1725704157.690876,15,65,203.03,213.09
1725704159.237837,15,65,203.03,213.09
1725704160.833877,15,65,203.14,213.09
1725704162.462902,15,65,203.18,213.12
1725704164.007431,15,65,203.14,213.12
1725704165.6047978,15,65,203.25,213.05
1725704174.6201441,0,80,202.25,213.44
1725704176.137696,0,80,202.28,213.52
1725704177.808811,0,80,202.35,213.55
1725704179.391555,0,80,202.25,213.52
1725704180.912847,0,80,202.35,213.52
1725704182.584335,0,80,202.32,213.41
1725704184.1689558,0,80,202.25,213.48
1725704185.691904,0,80,202.46,213.37
1725704187.3620448,0,80,202.6,213.41
1725704188.940821,0,80,202.71,213.37
1725704190.46208,0,80,202.6,213.34
1725704192.1310642,0,80,202.78,213.41
1725704193.7049332,0,80,202.68,213.37
1725704195.224728,0,80,202.75,213.3
1725704196.9040692,0,80,202.85,213.27
1725704198.48205,0,80,202.93,213.16
1725704200.0048199,0,80,203.03,213.23
1725704201.699265,0,80,203.0,213.12
1725704203.2848032,0,80,203.03,213.19
1725704205.8129852,0,80,202.93,213.12
1725704207.497921,0,80,202.89,213.19
1725704209.079736,0,80,202.85,213.16
1725704210.5932329,0,80,202.85,213.12
1725704212.2584121,0,80,202.78,213.01
1725704213.8253381,0,80,202.89,212.87
1725704215.341862,0,80,202.85,212.91
1725704217.021109,0,80,202.96,212.76
1725704218.602294,0,80,202.93,212.62
1725704220.120459,0,80,202.78,212.66
1725704221.796314,0,80,202.68,212.51
1725704223.37215,0,80,202.53,212.48
1725704224.888816,0,80,202.57,212.51
1725704226.5732648,0,80,202.32,212.41
1725704228.181857,0,80,202.32,212.3
1725704229.714093,0,80,202.21,212.19
1725704231.413692,0,80,202.18,212.08
1725704233.0093608,0,80,202.25,211.94
1725704234.538286,0,80,202.07,211.9
1725704236.2393181,0,80,201.89,211.8
1725704237.846921,0,80,202.0,211.69
1725704239.398346,0,80,202.0,211.55
1725704241.10933,0,80,201.78,211.33
1725704242.724431,0,80,201.6,211.26
1725704244.4045491,0,80,201.5,211.08
1725704245.9982321,0,80,201.43,211.01
1725704247.545556,0,80,201.32,210.9
1725704249.238941,0,80,201.07,210.76
1725704250.851191,0,80,201.07,210.51
1725704252.398172,0,80,200.86,210.44
1725704254.089102,0,80,200.57,210.29
1725704255.701986,0,80,200.5,210.04
1725704257.249114,0,80,200.39,209.97
1725704258.959404,0,80,200.43,209.65
1725704260.4698482,0,80,200.28,209.54
1725704262.013073,0,80,200.07,209.36
1725704264.553239,0,80,199.89,209.18
1725704266.259725,0,80,199.39,208.9
1725704267.671883,0,80,199.25,208.75
1725704269.389168,0,80,199.18,208.65
1725704270.899743,0,80,199.07,208.5
1725704272.6199958,0,80,198.75,208.36
1725704274.0311182,0,80,198.89,208.25
1725704275.765833,0,80,198.68,208.0
1725704277.195297,0,80,198.5,207.97
1725704279.748224,0,80,198.29,207.82
1725704281.4608178,0,80,198.07,207.47
1725704283.077334,0,80,197.86,207.32
1725704284.792275,0,80,197.54,206.96
1725704286.4249449,0,80,197.39,206.86
1725704288.134063,0,80,197.22,206.64
1725704289.8624718,0,80,197.11,206.54
1725704291.580128,0,80,197.04,206.21
1725704293.2171881,0,80,196.9,206.14
1725704294.914239,0,80,196.72,205.86
1725704296.520782,0,80,196.47,205.64
1725704298.065726,0,80,196.43,205.57
1725704299.777281,0,80,196.18,205.43
1725704301.282662,0,80,195.93,205.21
1725704302.838033,0,80,195.79,205.14
1725704304.5503428,0,80,195.61,204.78
1725704306.067782,0,80,195.4,204.64
1725704307.8006232,0,80,195.18,204.46
1725704310.415025,0,80,194.94,204.11
1725704312.130238,0,80,194.72,203.82
1725704313.536234,0,80,194.54,203.85
1725704315.254553,0,80,194.44,203.57
1725704316.977066,0,80,194.19,203.32
1725704318.6876569,0,80,194.08,203.07
1725704320.3164532,0,80,193.94,203.03
1725704322.0418491,0,80,193.62,202.64
1725704324.869409,0,80,193.26,202.35
1725704326.5854468,0,80,192.98,202.1
1725704328.094774,0,80,192.76,201.85
1725704329.6504252,0,80,192.87,201.75
1725704331.362838,0,80,192.51,201.46
1725704333.0015419,0,80,192.51,201.32
1725704334.735775,0,80,192.12,201.0
1725704336.324002,0,80,191.87,200.82
1725704337.8743382,0,80,191.84,200.75
1725704339.5691981,0,80,191.41,200.43
1725704341.0857852,0,80,191.34,200.25
1725704342.630962,0,80,191.2,200.07
1725704344.344107,0,80,190.91,199.75
